cik,company_name,ticker
1998288,Atlantic Logistics Inc.,ZFAS
1784198,Harborview Capital Corp.,KBMF
983625,Meridian Holdings Inc.,DWDP
513008,"Redwood Networks Group, Inc.",TNNM
1780418,Sterling Foods Co.,SCNZ
1567347,Evergreen Semiconductor Corp.,CZAF
660139,Granite Logistics Inc.,GFCR
750576,"Northwind Industries Group, Inc.",DZCZ
213614,Crescent Therapeutics Co.,ETSG
11948,Northwind Holdings Co.,TFTA
485292,"Atlantic Capital Group, Inc.",RALM
1472080,Crescent Bancorp Co.,BGRM
275514,Northwind Foods Corp.,LRMS
654638,Keystone Foods Inc.,CCWP
284606,"Sterling Logistics Group, Inc.",WNXA
1323901,"Cedar Bancorp Group, Inc.",NCXX
254718,Lakeshore Therapeutics Inc.,FTAM
1804812,"Pioneer Holdings Group, Inc.",SGEW
1534564,Beacon Bancorp Inc.,ERFP
142575,Meridian Networks Co.,EKEX
36022,Northwind Semiconductor Corp.,RDGC
758182,Evergreen Foods Corp.,LBTA
1092512,Beacon Semiconductor Corp.,BSXC
1195985,Northwind Energy Inc.,RMTE
773396,Evergreen Networks Corp.,PDRA
158910,Evergreen Energy Co.,GAKM
768187,Pioneer Holdings Co.,NWSX
1514106,Evergreen Networks Inc.,ATCA
1671533,Beacon Capital Co.,TAAM
954888,Cedar Foods Co.,EFCB
878838,Lakeshore Industries Corp.,KBPW
268718,"Aurora Foods Group, Inc.",XCME
862182,Pioneer Industries Co.,ZWFC
591644,"Atlantic Bancorp Group, Inc.",EMBL
255884,Aurora Industries Inc.,BTGM
954798,"Northwind Logistics Group, Inc.",KPRX
1082083,Meridian Logistics Inc.,ERPN
740444,"Cedar Energy Group, Inc.",CNCZ
1754647,Summit Holdings Corp.,GXXR
1264851,Harborview Energy Corp.,PCXF
1358725,Sterling Therapeutics Inc.,SPCX
1349188,Northwind Therapeutics Corp.,FZGL
1053411,"Meridian Holdings Group, Inc.",HTML
1836124,Aurora Holdings Inc.,ZMKA
1235847,Sterling Logistics Inc.,DWWT
1888507,Pioneer Foods Co.,PBSK
1066259,Evergreen Semiconductor Inc.,XXEL
1455068,Granite Semiconductor Inc.,MDDR
29125,Lakeshore Logistics Corp.,GEDP
49374,Lakeshore Bancorp Corp.,NEFZ
