accession_number,cik,form_type,filing_date,total_assets,updated_at
0000950170-24-000448,0000036022, 4 ,2024-03-02,,2024-03-02T09:54:00Z
0000950170-24-000209,0001092512,10-Q,03/01/2024,327085857000,2024-03-01T16:29:00Z
0000950170-24-000138,0000255884, 8-k ,2024-03-02,,2024-03-02T14:16:00Z
0000950170-24-000382,862182,10-Q,2024-03-03,323606595000,2024-03-03T13:23:00Z
0000950170-24-000204,0001092512,S-1,2024-03-01,,2024-03-01T14:00:00Z
0000950170-24-000196,485292,10-K,03/02/2024,566929872000,2024-03-02T08:00:00Z
0000950170-24-000257,0000011948, 4 ,2024-03-02,,2024-03-02T20:24:00Z
0000950170-24-000185,0000255884,10-K,2024-03-01,816460295000,2024-03-01T10:38:00Z
0000950170-24-000313,0000213614,4,2024-03-02,,2024-03-02T07:53:00Z
0000950170-24-000149,0000773396,8-K,2024-03-02,,2024-03-02T14:11:00Z
0000950170-24-000273,0000654638,4,2024-03-03,,2024-03-03T16:09:00Z
0000950170-24-000234,0001066259,10-Q,2024-03-01,147226344000,2024-03-01T20:23:00Z
0000950170-24-000118,1323901,8-K,2024-03-03,,2024-03-03T07:03:00Z
0000950170-24-000299,0000029125,8-K,2024-03-02,,2024-03-02T16:24:00Z
0000950170-24-000405,0001323901,DEF 14A,2024-03-03,,2024-03-03T19:32:00Z
0000950170-24-000367,862182,10-Q,2024-03-03,434582338000,2024-03-03T12:10:00Z
0000950170-24-000271,0000255884,4,2024-03-01,,2024-03-01T11:46:00Z
0000950170-24-000378,654638, 4 ,2024-03-03,,2024-03-03T07:18:00Z
0000950170-24-000240,0000036022,8-K,2024-03-03,,2024-03-03T07:46:00Z
0000950170-24-000287,0000255884, 4 ,2024-03-01,,2024-03-01T08:41:00Z
0000950170-24-000167,0000255884,DEF 14A,2024-03-01,,2024-03-01T10:02:00Z
0000950170-24-000199,0000268718,4,2024-03-03,,2024-03-03T11:37:00Z
0000950170-24-000361,0000011948,10-K,2024-03-01,768317452000,2024-03-01T08:14:00Z
0000950170-24-000175,0001053411,8-K,2024-03-01,,2024-03-01T11:22:00Z
0000950170-24-000460,1358725,4,2024-03-02,,2024-03-02T12:47:00Z
0000950170-24-000245,0000284606,4,2024-03-02,,2024-03-02T09:36:00Z
0000950170-24-000161,0001804812,4,2024-03-01,,2024-03-01T18:01:00Z
0000950170-24-000478,0000591644,4,2024-03-03,,2024-03-03T07:55:00Z
0000950170-24-000133,0000758182,S-1,2024-03-01,,2024-03-01T19:08:00Z
0000950170-24-000263,0000011948,4,2024-03-02,,2024-03-02T11:34:00Z
0000950170-24-000322,1888507, 10-q ,2024-03-01,783126477000,2024-03-01T07:33:00Z
0000950170-24-000202,0001082083,8-K,2024-03-01,,2024-03-01T16:29:00Z
0000950170-24-000403,0000254718,4,2024-03-01,,2024-03-01T10:50:00Z
0000950170-24-000465,0001066259,10-K,2024-03-01,262411705000,2024-03-01T10:13:00Z
0000950170-24-000278,1836124,8-K,2024-03-01,,2024-03-01T17:38:00Z
0000950170-24-000205,513008,4,2024-03-02,,2024-03-02T16:15:00Z
0000950170-24-000236,0001455068,8-K,03/02/2024,,2024-03-02T13:28:00Z
0000950170-24-000224,0000654638,10-Q,2024-03-01,187980310000,2024-03-01T12:08:00Z
0000950170-24-000432,0001455068,4,2024-03-02,,2024-03-02T08:39:00Z
0000950170-24-000285,983625,10-Q,2024-03-01,557899565000,2024-03-01T12:36:00Z
0000950170-24-000425,0000284606,4,2024-03-01,,2024-03-01T10:52:00Z
,0000255884,S-1,2024-03-03,,2024-03-03T17:32:00Z
0000950170-24-000366,0001514106, s-1 ,2024-03-02,,2024-03-02T08:07:00Z
0000950170-24-000113,0000768187,8-K,2024-03-01,,2024-03-01T15:32:00Z
0000950170-24-000256,142575,4,2024-03-01,,2024-03-01T13:21:00Z
0000950170-24-000105,1754647,8-K,2024-03-03,,2024-03-03T14:08:00Z
0000950170-24-000339,0000142575,8-K,2024-03-02,,2024-03-02T12:34:00Z
0000950170-24-000148,0000758182,4,2024-03-03,,2024-03-03T07:47:00Z
0000950170-24-000101,0000983625, def 14a ,2024-03-01,,2024-03-01T19:55:00Z
0000950170-24-000235,275514,4,2024-03-02,,2024-03-02T18:18:00Z
0000950170-24-000441,740444,8-K,2024-03-02,,2024-03-02T18:52:00Z
0000950170-24-000308,0000255884,8-K,2024-03-02,,2024-03-02T18:13:00Z
0000950170-24-000230,0001082083,10-K,2024-03-03,270400470000,2024-03-03T14:53:00Z
0000950170-24-000247,0000513008,10-Q,2024-03-02,642878036000,2024-03-02T20:59:00Z
0000950170-24-000422,0000862182,4,2024-03-01,,2024-03-01T15:36:00Z
0000950170-24-000413,0001358725,8-K,2024-03-01,,2024-03-01T20:21:00Z
0000950170-24-000454,213614,4,2024-03-02,,2024-03-02T14:22:00Z
0000950170-24-000336,0000954888,8-K,2024-03-03,,2024-03-03T07:50:00Z
0000950170-24-000176,0000142575,DEF 14A,2024-03-03,,2024-03-03T12:57:00Z
0000950170-24-000305,275514,8-K,2024-03-01,,2024-03-01T12:40:00Z
0000950170-24-000331,0001066259,10-K,2024-03-01,506799202000,2024-03-01T08:32:00Z
0000950170-24-000212,0001514106,8-K,2024-03-02,,2024-03-02T20:51:00Z
0000950170-24-000154,0001349188,DEF 14A,2024-03-02,,2024-03-02T20:36:00Z
0000950170-24-000206,1780418,4,2024-03-03,,2024-03-03T17:51:00Z
0000950170-24-000427,0000255884,8-K,03/03/2024,,2024-03-03T15:32:00Z
0000950170-24-000409,0000983625,8-K,2024-03-02,,2024-03-02T09:08:00Z
0000950170-24-000444,0000740444, 8-k ,2024-03-01,,2024-03-01T15:24:00Z
0000950170-24-000442,1514106,DEF 14A,2024-03-01,,2024-03-01T08:30:00Z
0000950170-24-000120,0001514106,10-Q,2024-03-02,141498259000,2024-03-02T11:12:00Z
0000950170-24-000335,0001804812,4,2024-03-03,,2024-03-03T08:19:00Z
0000950170-24-000418,1235847,10-Q,2024-03-01,111626733000,2024-03-01T16:25:00Z
0000950170-24-000385,485292,8-K,2024-03-03,,2024-03-03T08:20:00Z
0000950170-24-000487,0001264851,4,2024-02-30,,2024-03-02T12:40:00Z
0000950170-24-000178,0000213614,4,2024-03-03,,2024-03-03T20:22:00Z
0000950170-24-000207,1836124,10-Q,2024-03-01,855319131000,2024-03-01T11:18:00Z
0000950170-24-000342,1780418,8-K,2024-03-03,,2024-03-03T07:03:00Z
0000950170-24-000303,1836124,4,2024-03-02,,2024-03-02T19:19:00Z
0000950170-24-000253,0000740444,10-Q,2024-03-03,45485030000,2024-03-03T16:38:00Z
0000950170-24-000392,0000036022,8-K,2024-03-01,,2024-03-01T10:14:00Z
0000950170-24-000325,1784198,8-K,2024-03-03,,2024-03-03T20:14:00Z
0000950170-24-000122,1092512,4,2024-03-02,,2024-03-02T11:52:00Z
0000950170-24-000485,0000773396,10-X,2024-03-02,,2024-03-02T08:35:00Z
0000950170-24-000457,0000983625,10-Q,2024-03-02,686880246000,2024-03-02T19:02:00Z
0000950170-24-000107,1836124,S-1,2024-03-01,,2024-03-01T09:20:00Z
0000950170-24-000244,0001784198,8-K,2024-03-02,,2024-03-02T13:25:00Z
0000950170-24-000334,0001323901,10-Q,2024-03-02,493387277000,2024-03-02T19:21:00Z
0000950170-24-000231,0001323901, 8-k ,2024-03-03,,2024-03-03T16:31:00Z
0000950170-24-000431,0000954888,8-K,2024-03-03,,2024-03-03T13:08:00Z
0000950170-24-000238,268718,4,2024-03-03,,2024-03-03T09:33:00Z
0000950170-24-000146,0000740444,10-Q,2024-03-01,570106585000,2024-03-01T18:04:00Z
0000950170-24-000381,0000591644,10-Q,2024-03-03,782519177000,2024-03-03T09:46:00Z
0000950170-24-000349,268718,10-K,2024-03-03,826529373000,2024-03-03T19:52:00Z
0000950170-24-000340,0001349188,10-Q,2024-03-02,199712629000,2024-03-02T17:45:00Z
0000950170-24-000373,36022,10-Q,2024-03-03,313109506000,2024-03-03T13:05:00Z
0000950170-24-000374,954888,8-K,2024-03-03,,2024-03-03T17:53:00Z
0000950170-24-000217,0000591644,4,2024-03-02,,2024-03-02T11:19:00Z
0000950170-24-000195,1671533,10-Q,2024-03-01,720415868000,2024-03-01T09:35:00Z
0000950170-24-000416,0000036022,8-K,2024-03-01,,2024-03-01T16:33:00Z
0000950170-24-000158,0000773396,10-Q,2024-03-03,219866606000,2024-03-03T13:11:00Z
0000950170-24-000160,0000758182,8-K,2024-03-03,,2024-03-03T12:44:00Z
0000950170-24-000299,0000029125,8-K,2024-03-02,,2024-03-02T16:24:00Z
0000950170-24-000309,954798,4,2024-03-03,,2024-03-03T07:23:00Z
0000950170-24-000475,1472080,10-Q,2024-03-01,556971763000,2024-03-01T14:15:00Z
0000950170-24-000404,0001082083,10-Q,2024-03-03,163920905000,2024-03-03T15:50:00Z
0000950170-24-000131,0001455068,10-Q,2024-03-01,341035112000,2024-03-01T15:36:00Z
0000950170-24-000408,0000954888,8-K,2024-03-01,,2024-03-01T12:48:00Z
0000950170-24-000108,1235847,10-Q,2024-03-01,806291493000,2024-03-01T17:12:00Z
0000950170-24-000218,0000983625,DEF 14A,2024-03-02,,2024-03-02T17:12:00Z
0000950170-24-000394,1671533,10-Q,2024-03-03,16385209000,2024-03-03T14:17:00Z
0000950170-24-000159,0001264851,8-K,2024-03-01,,2024-03-01T16:13:00Z
0000950170-24-000400,1804812,8-K,2024-03-01,,2024-03-01T08:50:00Z
0000950170-24-000479,0000654638,10-Q,2024-03-03,486439119000,2024-03-03T20:42:00Z
0000950170-24-000288,0000773396,10-Q,2024-03-03,239754355000,2024-03-03T15:09:00Z
0000950170-24-000466,1066259,10-Q,2024-03-03,200774597000,2024-03-03T14:35:00Z
0000950170-24-000296,0000255884,4,2024-03-02,,2024-03-02T15:59:00Z
0000950170-24-000267,284606,8-K,2024-03-01,,2024-03-01T10:27:00Z
0000950170-24-000341,0001534564,4,2024-03-01,,2024-03-01T12:20:00Z
0000950170-24-000216,0001195985,8-K,03/03/2024,,2024-03-03T09:09:00Z
0000950170-24-000117,0001323901,S-1,2024-03-02,,2024-03-02T11:46:00Z
0000950170-24-000463,0000213614,10-Q,2024-03-02,702985874000,2024-03-02T11:30:00Z
0000950170-24-000280,0000768187,8-K,2024-03-01,,2024-03-01T08:26:00Z
0000950170-24-000229,0000660139,8-K,2024-03-03,,2024-03-03T13:35:00Z
0000950170-24-000219,11948, 10-q ,2024-03-03,792150999000,2024-03-03T12:01:00Z
0000950170-24-000458,49374,10-Q,2024-03-01,702986618000,2024-03-01T18:31:00Z
0000950170-24-000365,29125,10-Q,2024-03-03,313334163000,2024-03-03T08:55:00Z
0000950170-24-000484,0003593507,10-Q,2024-03-03,272310880000,2024-03-03T13:59:00Z
0000950170-24-000164,0001235847,4,2024-03-03,,2024-03-03T12:08:00Z
0000950170-24-000190,0001472080,8-K,2024-03-02,,2024-03-02T17:04:00Z
0000950170-24-000351,0000213614,S-1,2024-03-02,,2024-03-02T12:29:00Z
0000950170-24-000302,0000750576,10-Q,2024-03-02,511542925000,2024-03-02T16:32:00Z
0000950170-24-000396,284606,10-Q,2024-03-02,254181553000,2024-03-02T19:42:00Z
0000950170-24-000395,0000268718,10-Q,2024-03-03,686771699000,2024-03-03T16:12:00Z
0000950170-24-000304,1567347,4,2024-03-01,,2024-03-01T18:50:00Z
0000950170-24-000388,0000591644,8-K,2024-03-01,,2024-03-01T20:32:00Z
0000950170-24-000266,0000284606,8-K,2024-03-02,,2024-03-02T07:57:00Z
0000950170-24-000284,0000768187,10-Q,2024-03-03,289102298000,2024-03-03T11:28:00Z
0000950170-24-000470,1235847,8-K,2024-03-02,,2024-03-02T07:47:00Z
0000950170-24-000208,0000654638,4,2024-03-03,,2024-03-03T16:55:00Z
0000950170-24-000473,750576,8-K,2024-03-02,,2024-03-02T13:19:00Z
0000950170-24-000451,0000158910,10-Q,2024-03-02,29475451000,2024-03-02T14:20:00Z
0000950170-24-000469,1455068,4,2024-03-03,,2024-03-03T08:33:00Z
0000950170-24-000125,0001358725,10-Q,2024-03-03,443501012000,2024-03-03T20:24:00Z
0000950170-24-000281,0000983625,10-Q,2024-03-02,30927086000,2024-03-02T09:42:00Z
0000950170-24-000384,0000768187,10-Q,2024-03-01,688663036000,2024-03-01T19:24:00Z
0000950170-24-000319,0001092512,4,2024-03-01,,2024-03-01T11:11:00Z
0000950170-24-000295,0001671533,4,2024-03-02,,2024-03-02T20:38:00Z
0000950170-24-000213,0001323901,8-K,2024-03-01,,2024-03-01T13:59:00Z
0000950170-24-000166,0000983625,4,2024-03-03,,2024-03-03T11:17:00Z
0000950170-24-000110,1053411,10-K,2024-03-02,187621519000,2024-03-02T07:50:00Z
0000950170-24-000252,1514106,DEF 14A,2024-03-02,,2024-03-02T19:53:00Z
0000950170-24-000162,0001836124,DEF 14A,2024-03-01,,2024-03-01T17:36:00Z
0000950170-24-000227,0000768187,8-K,2024-03-01,,2024-03-01T12:46:00Z
0000950170-24-000119,0000213614,DEF 14A,2024-03-03,,2024-03-03T16:11:00Z
0000950170-24-000345,0000011948,DEF 14A,2024-03-01,,2024-03-01T10:23:00Z
0000950170-24-000480,1784198,4,2024-03-01,,2024-03-01T14:55:00Z
0000950170-24-000233,0001195985,10-K,2024-03-03,716264916000,2024-03-03T07:25:00Z
0000950170-24-000461,0000768187,4,2024-03-03,,2024-03-03T14:42:00Z
0000950170-24-000446,954888,DEF 14A,2024-03-01,,2024-03-01T08:00:00Z
0000950170-24-000156,1053411,4,2024-03-02,,2024-03-02T07:29:00Z
0000950170-24-000272,0000740444,4,2024-03-01,,2024-03-01T12:52:00Z
0000950170-24-000368,1804812,10-Q,2024-03-01,832572493000,2024-03-01T18:44:00Z
0000950170-24-000391,0000983625,8-K,2024-03-01,,2024-03-01T19:36:00Z
0000950170-24-000214,513008,8-K,2024-03-01,,2024-03-01T19:03:00Z
0000950170-24-000283,0001323901,4,2024-03-02,,2024-03-02T17:18:00Z
0000950170-24-000220,0000268718,8-K,2024-03-03,,2024-03-03T15:20:00Z
0000950170-24-000312,0000750576,4,2024-03-03,,2024-03-03T14:17:00Z
0000950170-24-000443,0001455068,8-K,2024-03-03,,2024-03-03T16:10:00Z
0000950170-24-000426,0000878838,4,2024-03-03,,2024-03-03T16:28:00Z
0000950170-24-000464,0001754647,DEF 14A,2024-03-03,,2024-03-03T10:49:00Z
0000950170-24-000262,0001472080,10-K,2024-03-01,795064345000,2024-03-01T12:14:00Z
0000950170-24-000106,0001754647,4,2024-03-03,,2024-03-03T08:47:00Z
0000950170-24-000371,1804812,4,2024-03-03,,2024-03-03T08:41:00Z
0000950170-24-000143,1671533,4,2024-03-01,,2024-03-01T08:34:00Z
0000950170-24-000258,0000158910,4,2024-03-03,,2024-03-03T19:41:00Z
0000950170-24-000259,0000029125,10-Q,2024-03-01,522561471000,2024-03-01T11:13:00Z
0000950170-24-000401,1264851,4,2024-03-02,,2024-03-02T07:13:00Z
0000950170-24-000147,0000142575,S-1,2024-03-03,,2024-03-03T09:54:00Z
0000950170-24-000406,0000049374,8-K,2024-03-02,,2024-03-02T15:02:00Z
0000950170-24-000170,0001264851,10-K,2024-03-02,410071534000,2024-03-02T16:22:00Z
0000950170-24-000423,0001264851,8-K,2024-03-02,,2024-03-02T13:10:00Z
0000950170-24-000135,0001784198,10-Q,2024-03-01,80658483000,2024-03-01T17:12:00Z
0000950170-24-000145,1082083,10-Q,2024-03-02,233778589000,2024-03-02T17:27:00Z
0000950170-24-000200,862182,10-Q,2024-03-03,572891033000,2024-03-03T18:23:00Z
0000950170-24-000201,954798,10-Q,2024-03-03,792160021000,2024-03-03T19:16:00Z
0000950170-24-000225,0001836124,4,2024-03-01,,2024-03-01T16:30:00Z
0000950170-24-000317,0000142575,DEF 14A,2024-03-01,,2024-03-01T19:25:00Z
0000950170-24-000115,0000268718,DEF 14A,2024-03-01,,2024-03-01T15:33:00Z
0000950170-24-000242,0000750576,8-K,2024-03-03,,2024-03-03T10:16:00Z
0000950170-24-000333,0001053411,10-Q,2024-03-03,669375316000,2024-03-03T08:06:00Z
0000950170-24-000449,49374,4,2024-03-02,,2024-03-02T08:10:00Z
0000950170-24-000226,1567347,10-Q,2024-03-01,881961005000,2024-03-01T18:25:00Z
0000950170-24-000375,0000029125,10-Q,2024-03-03,321601883000,2024-03-03T13:28:00Z
0000950170-24-000194,0001567347,4,2024-03-01,,2024-03-01T16:13:00Z
0000950170-24-000248,0000213614,10-Q,2024-03-01,565010274000,2024-03-01T20:30:00Z
0000950170-24-000300,0000878838,4,2024-03-01,,2024-03-01T13:28:00Z
0000950170-24-000188,0000029125,10-Q,2024-03-03,366901896000,2024-03-03T09:51:00Z
0000950170-24-000126,0000213614,S-1,2024-03-03,,2024-03-03T17:04:00Z
0000950170-24-000459,0000275514,4,2024-03-01,,2024-03-01T17:46:00Z
0000950170-24-000467,0001780418,10-Q,2024-03-03,302374894000,2024-03-03T08:21:00Z
0000950170-24-000410,0000029125,8-K,2024-03-02,,2024-03-02T08:30:00Z
0000950170-24-000338,1264851,DEF 14A,2024-03-03,,2024-03-03T08:06:00Z
0000950170-24-000363,0000485292,8-K,2024-03-01,,2024-03-01T11:21:00Z
0000950170-24-000265,1349188,8-K,2024-03-01,,2024-03-01T14:37:00Z
0000950170-24-000197,0000878838,4,2024-03-03,,2024-03-03T14:25:00Z
0000950170-24-000311,0001195985,4,2024-03-02,,2024-03-02T15:16:00Z
0000950170-24-000191,213614,4,2024-03-01,,2024-03-01T07:12:00Z
0000950170-24-000128,0000485292,8-K,2024-03-03,,2024-03-03T15:15:00Z
0000950170-24-000292,0001888507,8-K,2024-03-01,,2024-03-01T17:50:00Z
0000950170-24-000129,1323901,8-K,2024-03-02,,2024-03-02T10:54:00Z
0000950170-24-000157,0001092512,8-K,03/01/2024,,2024-03-01T11:49:00Z
0000950170-24-000104,0000591644,10-Q,2024-03-03,816643718000,2024-03-03T08:03:00Z
0000950170-24-000250,513008,DEF 14A,2024-03-02,,2024-03-02T12:23:00Z
0000950170-24-000430,0000862182,4,2024-03-03,,2024-03-03T17:05:00Z
0000950170-24-000358,1754647,8-K,2024-03-01,,2024-03-01T16:11:00Z
0000950170-24-000453,1264851,4,2024-03-02,,2024-03-02T12:02:00Z
0000950170-24-000285,983625,10-Q,2024-03-01,557899565000,2024-03-01T12:36:00Z
0000950170-24-000346,0001780418,4,2024-03-03,,2024-03-03T12:30:00Z
0000950170-24-000290,0000768187,4,2024-03-01,,2024-03-01T10:56:00Z
0000950170-24-000198,0000036022,4,2024-03-03,,2024-03-03T19:24:00Z
0000950170-24-000456,0000513008,10-Q,2024-03-03,111341200000,2024-03-03T09:14:00Z
0000950170-24-000321,0000862182,10-Q,2024-03-02,690493257000,2024-03-02T07:25:00Z
0000950170-24-000180,1472080,4,2024-03-01,,2024-03-01T16:23:00Z
0000950170-24-000243,158910,4,2024-03-02,,2024-03-02T17:01:00Z
0000950170-24-000372,0001534564,8-K,2024-03-02,,2024-03-02T19:11:00Z
0000950170-24-000124,954888,4,2024-03-03,,2024-03-03T08:29:00Z
0000950170-24-000297,36022,DEF 14A,03/01/2024,,2024-03-01T07:35:00Z
0000950170-24-000251,0001784198,10-Q,2024-03-01,727798624000,2024-03-01T17:45:00Z
0000950170-24-000397,0000268718,10-Q,2024-03-02,3353363000,2024-03-02T11:25:00Z
0000950170-24-000223,0001323901,10-Q,2024-03-03,366014766000,2024-03-03T18:43:00Z
0000950170-24-000183,0001534564,4,2024-03-01,,2024-03-01T19:56:00Z
0000950170-24-000329,0000036022,4,2024-03-02,,2024-03-02T07:25:00Z
0000950170-24-000370,0000255884,8-K,2024-03-01,,2024-03-01T07:18:00Z
0000950170-24-000173,0001235847,4,2024-03-01,,2024-03-01T19:49:00Z
0000950170-24-000324,0001567347,4,2024-03-01,,2024-03-01T18:30:00Z
0000950170-24-000490,0001514106,10-Q,2024-03-01,-614000000,2024-03-01T07:06:00Z
0000950170-24-000241,0001567347,S-1,2024-03-03,,2024-03-03T16:50:00Z
0000950170-24-000369,0000758182,10-Q,2024-03-02,30945245000,2024-03-02T17:47:00Z
0000950170-24-000445,0001784198,10-Q,2024-03-01,136696755000,2024-03-01T10:16:00Z
0000950170-24-000489,0001066259,10-Q,2024-03-01,-245000000,2024-03-01T18:12:00Z
0000950170-24-000127,654638,4,2024-03-01,,2024-03-01T17:21:00Z
0000950170-24-000429,0000029125,4,2024-03-03,,2024-03-03T09:22:00Z
0000950170-24-000130,0000275514,4,2024-03-02,,2024-03-02T07:59:00Z
0000950170-24-000140,0000485292,10-Q,2024-03-03,323792192000,2024-03-03T18:39:00Z
0000950170-24-000232,0000954888,8-K,2024-03-02,,2024-03-02T20:25:00Z
0000950170-24-000237,0001195985,8-K,2024-03-03,,2024-03-03T11:48:00Z
0000950170-24-000162,0001836124,DEF 14A,2024-03-01,,2024-03-01T17:36:00Z
0000950170-24-000283,0001323901,4,2024-03-02,,2024-03-02T17:18:00Z
0000950170-24-000153,0000758182,8-K,2024-03-02,,2024-03-02T12:10:00Z
0000950170-24-000228,0001514106,4,2024-03-03,,2024-03-03T14:33:00Z
0000950170-24-000439,0000773396,DEF 14A,2024-03-03,,2024-03-03T14:05:00Z
0000950170-24-000310,0000750576,8-K,03/01/2024,,2024-03-01T13:45:00Z
0000950170-24-000417,0000750576,DEF 14A,2024-03-02,,2024-03-02T16:52:00Z
0000950170-24-000134,0001804812,8-K,2024-03-02,,2024-03-02T08:10:00Z
0000950170-24-000221,0001264851,4,2024-03-03,,2024-03-03T07:57:00Z
0000950170-24-000383,0000878838,S-1,2024-03-01,,2024-03-01T20:52:00Z
0000950170-24-000294,0000654638,8-K,2024-03-02,,2024-03-02T20:33:00Z
0000950170-24-000298,0001455068,8-K,2024-03-01,,2024-03-01T13:34:00Z
0000950170-24-000255,0001784198,S-1,2024-03-03,,2024-03-03T15:35:00Z
0000950170-24-000222,0001323901,8-K,2024-03-02,,2024-03-02T08:53:00Z
0000950170-24-000137,660139,8-K,2024-03-03,,2024-03-03T14:31:00Z
0000950170-24-000468,0000513008,4,2024-03-01,,2024-03-01T09:50:00Z
0000950170-24-000193,0001472080,10-K,2024-03-01,97958083000,2024-03-01T09:38:00Z
0000950170-24-000347,0000740444,8-K,2024-03-02,,2024-03-02T16:47:00Z
0000950170-24-000436,0001264851,4,2024-03-03,,2024-03-03T09:26:00Z
0000950170-24-000189,0000750576,S-1,2024-03-02,,2024-03-02T08:57:00Z
0000950170-24-000182,0000036022,8-K,2024-03-01,,2024-03-01T09:49:00Z
0000950170-24-000424,0000758182,4,2024-03-03,,2024-03-03T14:22:00Z
0000950170-24-000239,158910,4,2024-03-02,,2024-03-02T19:46:00Z
0000950170-24-000379,954888,10-Q,2024-03-03,712213196000,2024-03-03T13:19:00Z
0000950170-24-000440,0000284606,10-Q,2024-03-01,452845429000,2024-03-01T15:00:00Z
0000950170-24-000148,0000758182,4,2024-03-03,,2024-03-03T07:47:00Z
0000950170-24-000387,0000485292,10-Q,2024-03-01,11663352000,2024-03-01T14:18:00Z
0000950170-24-000364,0001082083,8-K,2024-03-01,,2024-03-01T09:43:00Z
0000950170-24-000356,0001455068,8-K,2024-03-01,,2024-03-01T13:48:00Z
0000950170-24-000348,0001534564,10-K,2024-03-03,113780134000,2024-03-03T08:42:00Z
0000950170-24-000249,0000758182,10-K,2024-03-02,213058289000,2024-03-02T09:26:00Z
0000950170-24-000415,1836124,8-K,03/01/2024,,2024-03-01T11:58:00Z
0000950170-24-000274,0001472080,8-K,2024-03-01,,2024-03-01T12:00:00Z
0000950170-24-000215,0001323901, 8-k ,2024-03-03,,2024-03-03T18:40:00Z
0000950170-24-000186,0001784198,4,2024-03-01,,2024-03-01T18:54:00Z
0000950170-24-000393,0001195985,8-K,2024-03-03,,2024-03-03T14:03:00Z
0000950170-24-000155,0001671533,8-K,2024-03-02,,2024-03-02T13:19:00Z
0000950170-24-000136,1514106,8-K,2024-03-03,,2024-03-03T09:21:00Z
0000950170-24-000326,0000983625,4,2024-03-01,,2024-03-01T14:51:00Z
0000950170-24-000168,0000878838,4,2024-03-02,,2024-03-02T08:06:00Z
0000950170-24-000179,0000878838,10-Q,2024-03-02,423846987000,2024-03-02T14:39:00Z
0000950170-24-000402,0000485292,DEF 14A,2024-03-03,,2024-03-03T12:29:00Z
0000950170-24-000433,0001534564,4,2024-03-01,,2024-03-01T18:16:00Z
0000950170-24-000102,0001235847,8-K,2024-03-02,,2024-03-02T07:15:00Z
0000950170-24-000421,954798,S-1,2024-03-03,,2024-03-03T10:06:00Z
0000950170-24-000328,0001092512,8-K,2024-03-03,,2024-03-03T20:26:00Z
0000950170-24-000360,0001358725,10-K,2024-03-03,328237695000,2024-03-03T13:22:00Z
0000950170-24-000327,36022,4,2024-03-02,,2024-03-02T07:26:00Z
0000950170-24-000450,0001567347,8-K,2024-03-01,,2024-03-01T11:12:00Z
0000950170-24-000390,1671533,8-K,2024-03-02,,2024-03-02T14:09:00Z
0000950170-24-000411,0001235847,4,2024-03-03,,2024-03-03T11:38:00Z
0000950170-24-000389,0000485292,S-1,2024-03-02,,2024-03-02T10:00:00Z
0000950170-24-000472,49374,10-Q,2024-03-01,144278413000,2024-03-01T11:16:00Z
0000950170-24-000154,0001349188,DEF 14A,2024-03-02,,2024-03-02T20:36:00Z
0000950170-24-000323,1836124,8-K,03/01/2024,,2024-03-01T10:32:00Z
0000950170-24-000306,1671533,4,2024-03-02,,2024-03-02T16:39:00Z
0000950170-24-000142,1455068,4,2024-03-02,,2024-03-02T20:07:00Z
0000950170-24-000289,0000862182,DEF 14A,2024-03-03,,2024-03-03T13:31:00Z
0000950170-24-000163,0001264851,8-K,2024-03-01,,2024-03-01T16:34:00Z
0000950170-24-000116,0000268718,10-Q,03/03/2024,750535993000,2024-03-03T16:44:00Z
0000950170-24-000203,0001195985,4,2024-03-03,,2024-03-03T19:46:00Z
0000950170-24-000291,768187,8-K,2024-03-03,,2024-03-03T18:28:00Z
0000950170-24-000420,0000878838,8-K,2024-03-03,,2024-03-03T15:56:00Z
0000950170-24-000353,654638,DEF 14A,2024-03-01,,2024-03-01T10:39:00Z
0000950170-24-000307,954798,DEF 14A,2024-03-02,,2024-03-02T08:23:00Z
0000950170-24-000399,0000268718,8-K,2024-03-01,,2024-03-01T12:36:00Z
0000950170-24-000462,0000660139,10-K,2024-03-01,564203257000,2024-03-01T07:09:00Z
0000950170-24-000210,878838, 10-k ,03/02/2024,124513821000,2024-03-02T08:43:00Z
0000950170-24-000254,0000983625,8-K,2024-03-02,,2024-03-02T09:45:00Z
0000950170-24-000483,0003492262,4,2024-03-03,,2024-03-03T16:52:00Z
0000950170-24-000151,0000758182,4,2024-03-01,,2024-03-01T11:44:00Z
0000950170-24-000276,660139,10-K,2024-03-02,220796774000,2024-03-02T10:02:00Z
0000950170-24-000362,0001235847,8-K,03/03/2024,,2024-03-03T14:48:00Z
0000950170-24-000452,660139,10-Q,2024-03-03,847986745000,2024-03-03T09:20:00Z
0000950170-24-000171,0000954888,10-Q,2024-03-02,697166426000,2024-03-02T08:42:00Z
0000950170-24-000330,1358725,S-1,2024-03-02,,2024-03-02T10:00:00Z
0000950170-24-000109,0000591644, 4 ,03/02/2024,,2024-03-02T16:31:00Z
0000950170-24-000438,750576,4,2024-03-03,,2024-03-03T07:58:00Z
0000950170-24-000355,0001092512,8-K,2024-03-03,,2024-03-03T07:45:00Z
0000950170-24-000277,0001998288,10-Q,2024-03-03,608004102000,2024-03-03T11:44:00Z
0000950170-24-000260,0000011948,S-1,2024-03-02,,2024-03-02T12:14:00Z
,0000513008,10-Q,2024-03-02,138323780000,2024-03-02T20:36:00Z
0000950170-24-000123,1358725,10-Q,2024-03-03,255946114000,2024-03-03T17:52:00Z
0000950170-24-000172,0001671533,DEF 14A,2024-03-03,,2024-03-03T19:34:00Z
0000950170-24-000141,0000954888,4,2024-03-02,,2024-03-02T13:58:00Z
0000950170-24-000270,0001780418,4,2024-03-03,,2024-03-03T08:22:00Z
0000950170-24-000192,1804812,10-K,2024-03-03,398724765000,2024-03-03T20:44:00Z
0000950170-24-000474,11948,4,2024-03-03,,2024-03-03T09:38:00Z
0000950170-24-000187,1836124,8-K,2024-03-02,,2024-03-02T12:19:00Z
0000950170-24-000320,0000740444,DEF 14A,03/02/2024,,2024-03-02T18:19:00Z
0000950170-24-000435,0000029125,4,03/02/2024,,2024-03-02T07:03:00Z
0000950170-24-000357,0000983625,4,2024-03-03,,2024-03-03T15:22:00Z
0000950170-24-000486,0000142575,10-X,2024-03-02,659870079000,2024-03-02T15:51:00Z
0000950170-24-000139,0000954888,8-K,2024-03-01,,2024-03-01T12:00:00Z
0000950170-24-000174,0001195985,10-Q,2024-03-02,582442028000,2024-03-02T20:32:00Z
0000950170-24-000144,0000591644,8-K,03/03/2024,,2024-03-03T11:58:00Z
0000950170-24-000343,0000758182,10-Q,2024-03-01,515711232000,2024-03-01T17:36:00Z
0000950170-24-000366,0001514106, s-1 ,2024-03-02,,2024-03-02T08:07:00Z
0000950170-24-000434,0000029125,4,2024-03-01,,2024-03-01T08:53:00Z
0000950170-24-000165,1264851,8-K,2024-03-02,,2024-03-02T18:40:00Z
0000950170-24-000337,1323901,4,03/01/2024,,2024-03-01T12:39:00Z
0000950170-24-000447,1534564,10-K,2024-03-03,579331309000,2024-03-03T09:18:00Z
0000950170-24-000152,750576,4,2024-03-02,,2024-03-02T07:12:00Z
0000950170-24-000112,0000773396,8-K,2024-03-03,,2024-03-03T10:32:00Z
0000950170-24-000344,1092512,DEF 14A,2024-03-03,,2024-03-03T08:27:00Z
0000950170-24-000293,0000750576, 4 ,2024-03-03,,2024-03-03T18:21:00Z
0000950170-24-000132,255884,4,2024-03-01,,2024-03-01T13:20:00Z
0000950170-24-000286,0001053411,8-K,2024-03-03,,2024-03-03T16:59:00Z
0000950170-24-000315,0001066259,8-K,2024-03-01,,2024-03-01T14:24:00Z
0000950170-24-000414,0000773396,4,2024-03-01,,2024-03-01T18:12:00Z
0000950170-24-000261,0000660139,8-K,2024-03-01,,2024-03-01T11:26:00Z
0000950170-24-000331,0001066259,10-K,2024-03-01,506799202000,2024-03-01T08:32:00Z
0000950170-24-000275,660139,4,03/01/2024,,2024-03-01T13:24:00Z
0000950170-24-000181,0000142575,DEF 14A,2024-03-01,,2024-03-01T08:24:00Z
0000950170-24-000332,11948,8-K,03/03/2024,,2024-03-03T12:31:00Z
0000950170-24-000118,1323901,8-K,2024-03-03,,2024-03-03T07:03:00Z
0000950170-24-000354,0000954798,10-Q,2024-03-02,781518759000,2024-03-02T11:04:00Z
0000950170-24-000350,0000954888,10-Q,03/01/2024,384257285000,2024-03-01T17:35:00Z
0000950170-24-000269,0000485292, 10-q ,2024-03-02,117826586000,2024-03-02T12:54:00Z
0000950170-24-000282,0000275514,DEF 14A,2024-03-03,,2024-03-03T19:37:00Z
0000950170-24-000488,0000029125,10-Q,2034-03-01,852341173000,2024-03-01T08:31:00Z
0000950170-24-000316,1804812,10-Q,2024-03-03,114981993000,2024-03-03T18:38:00Z
0000950170-24-000455,0001082083,8-K,2024-03-03,,2024-03-03T17:06:00Z
0000950170-24-000352,1567347,10-Q,2024-03-02,77149655000,2024-03-02T07:09:00Z
0000950170-24-000169,1264851,4,2024-03-03,,2024-03-03T17:57:00Z
0000950170-24-000211,654638,8-K,2024-03-02,,2024-03-02T07:37:00Z
0000950170-24-000359,0000660139,4,2024-03-02,,2024-03-02T19:01:00Z
0000950170-24-000412,1754647,8-K,2024-03-03,,2024-03-03T10:58:00Z
0000950170-24-000407,0001671533,10-Q,2024-03-03,854453178000,2024-03-03T14:20:00Z
0000950170-24-000111,0001323901,10-K,2024-03-01,580024246000,2024-03-01T15:07:00Z
0000950170-24-000476,1754647,4,2024-03-03,,2024-03-03T11:27:00Z
0000950170-24-000264,0001323901, 4 ,2024-03-03,,2024-03-03T17:06:00Z
0000950170-24-000377,0000268718,8-K,2024-03-01,,2024-03-01T09:57:00Z
0000950170-24-000426,0000878838,4,2024-03-03,,2024-03-03T16:28:00Z
0000950170-24-000386,0000654638, 4 ,2024-03-03,,2024-03-03T20:49:00Z
0000950170-24-000471,0000591644,8-K,2024-03-01,,2024-03-01T10:28:00Z
0000950170-24-000380,0000750576,4,2024-03-03,,2024-03-03T09:38:00Z
0000950170-24-000103,1671533,4,2024-03-01,,2024-03-01T13:04:00Z
0000950170-24-000318,591644,4,2024-03-03,,2024-03-03T15:44:00Z
0000950170-24-000268,0001784198,4,2024-03-03,,2024-03-03T17:38:00Z
0000950170-24-000114,0001514106, 4 ,2024-03-01,,2024-03-01T14:46:00Z
0000950170-24-000376,1066259,10-Q,2024-03-01,500351773000,2024-03-01T08:48:00Z
0000950170-24-000428,0001780418,10-Q,2024-03-03,279610570000,2024-03-03T14:28:00Z
0000950170-24-000246,0000740444, s-1 ,2024-03-03,,2024-03-03T13:28:00Z
0000950170-24-000177,275514,4,2024-03-01,,2024-03-01T09:07:00Z
0000950170-24-000477,0000654638,4,2024-03-01,,2024-03-01T19:29:00Z
0000950170-24-000279,773396,8-K,2024-03-02,,2024-03-02T08:35:00Z
0000950170-24-000301,0001567347,8-K,2024-03-02,,2024-03-02T18:57:00Z
0000950170-24-000150,0001195985,8-K,2024-03-03,,2024-03-03T20:36:00Z
0000950170-24-000419,0001754647, 4 ,2024-03-01,,2024-03-01T08:50:00Z
0000950170-24-000398,0001349188,10-Q,2024-03-03,244613755000,2024-03-03T13:36:00Z
0000950170-24-000314,0000654638,10-Q,2024-03-03,483660059000,2024-03-03T14:07:00Z
0000950170-24-000437,0000142575,10-Q,03/01/2024,377394740000,2024-03-01T20:51:00Z
0000950170-24-000121,0000268718,DEF 14A,2024-03-03,,2024-03-03T07:57:00Z
0000950170-24-000184,158910,4,2024-03-03,,2024-03-03T07:35:00Z
